Political relation tendency,Amount of economic and trade cooperation,distance,attitude
0.668381084,7.015,9113,-0.0908
0.57447601,19.8005,10407,-0.2612
0.457666594,4.6545,9875,0.2667
0.359696162,1.303,10253,0.4202
0.280600985,3.325,10292,0.6296
0.970769862,23.11,4612,0.5176
0.589245349,33.74,5460,-0.2
0.427864787,18.21,5290,-0.2787
0.671643691,4.035,8077,0.0834
0.292236231,22.455,9908,0.2902
0.299432867,147.155,5766,-0.0382
0.333764587,221.95,5001,0
0.650922808,16.05,15215,-0.0909
